unique_id,description,x1,x2,y1,y2,type,awdt_2010,peak_2010_6_to_7_am,peak_2010_7_to_8_am,peak_2010_8_to_9_am,peak_2010_9_to_10_am,peak_2010_3_to_4_pm,peak_2010_4_to_5_pm,peak_2010_5_to_6_pm,peak_2010_6_to_7_pm,awdt_2018,peak_2018_6_to_7_am,peak_2018_7_to_8_am,peak_2018_8_to_9_am,peak_2018_9_to_10_am,peak_2018_3_to_4_pm,peak_2018_4_to_5_pm,peak_2018_5_to_6_pm,peak_2018_6_to_7_pm
i93_sb_180,I-93 southbound north of Interchange 41 off-ramp,150,150,10,250,main,77000,7400,7000,6300,4900,4500,4750,5200,4000,88000,6500,6500,6300,5700,4800,5400,5500,4600
i93_sb_190,I-93 southbound between Interchange 41 off- and on-ramps,150,150,250,400,main,72000,6900,6400,5700,4500,4250,4450,4900,3850,82500,5900,6000,5600,5400,4550,5100,5150,4450
i93_sb_200,I-93 southbound betwen Interchange 41 on-ramp and Interchange 40 off-ramp,150,150,400,500,main,82500,7650,7300,6600,5200,4900,5200,5750,4400,93000,6600,7100,6700,6200,5300,5900,6000,5100
i93_sb_210,I-93 southbound between Interchange 40 off- and on-ramps,150,150,500,650,main,78000,7400,700,6300,4950,4600,4850,5350,4150,88500,6400,6850,6450,5950,4800,5450,5600,4750
i93_sb_220,I-93 southbound btween Interchange 40 on-ramp and Interchange 39 off-ramp,150,150,650,750,main,85000,8050,7750,7000,5450,4900,5150,5650,4450,95000,7100,7700,7300,6500,5000,5700,5900,5000
i93_sb_230,I-93 southbound between Interchange 39 off- and on-ramps,150,150,750,900,main,81500,7700,7300,6500,5150,4750,4950,5450,4300,91000,6850,7200,6750,6050,4750,5450,4600,4800
i93_sb_240,I-93 southbound between Interchange 39 off- and on-ramps,150,150,900,1000,main,90000,8200,7950,7200,5650,5200,5450,6100,4750,97000,7250,7700,7450,6650,5050,5750,6200,5200
i93_sb_250,I-93 southbound between Interchange 38 off- and on-ramps,150,150,1000,1150,main,83000,7600,7300,6600,5200,4700,4950,5600,4350,89000,6850,7300,6900,6250,4450,5150,5500,4700
i93_sb_260,I-93 southbound between Interchange 38 on-ramp and Interchange 37C off-ramp,150,150,1150,1250,main,90000,8100,7900,7200,5600,5200,5500,6200,4800,98000,7500,8100,7600,6800,4900,5550,6150,5050
R12244,Interchange 41 off-ramp to Route 125,150,130,250,275,rampleft,5000,500,600,600,400,250,300,300,150,5500,600,500,700,300,250,300,350,150
R12245,Interchange 41 on-ramp from Route 125,130,150,375,400,rampleft,10500,750,900,900,700,650,750,850,550,10500,700,1100,1100,800,750,800,850,650
R12246,Interchange 40 off-ramp to Route 62,150,130,500,525,rampleft,4500,250,300,300,250,300,350,400,250,4500,200,250,250,250,500,450,400,350
R12247,Interchange 40 on-ramp from Route 62,130,150,625,650,rampleft,7000,650,750,700,500,300,300,300,300,6500,700,850,850,550,200,250,300,250
R12248,Interchange 39 off-ramp to Concord Street,150,130,750,775,rampleft,3500,350,450,500,300,150,200,200,150,4000,250,500,550,450,250,250,300,200
R12249,Interchange 39 on-ramp from Concord Street,130,150,875,900,rampleft,8500,500,650,700,500,450,500,650,450,6000,400,500,700,600,300,300,600,400
R12250,Interchange 38 off-ramp to Route 129,150,130,1000,1025,rampleft,7000,600,650,600,450,500,500,500,400,8000,400,400,550,400,600,600,700,500
R12251,Interchange 38 on-ramp from Route 129,130,150,1125,1150,rampleft,7000,500,600,600,400,500,550,600,450,9000,650,800,700,550,450,400,650,350
i93_sb_270,I-93 southbound between interchange 37C off- and on-ramps,150,150,1250,1400,main,82000,7250,6700,6000,5000,4900,5150,5900,4550,90000,6600,6800,6300,6150,4600,5250,6850,4850
i93_sb_280,I-93 southbound between Interchange 37C on-ramp and Interchange 37 off-ramp to I-95 soutbound,150,150,1400,1500,main,88000,7400,6900,6200,5200,5400,5750,6700,5050,96500,6800,7000,6500,6400,5100,6000,6800,5500
i93_sb_290,I-93 southbound between Interchange 37 off-ramp to I-95 southbound and Interchange 37 on-ramp from I-95 southbound,150,150,1500,1650,main,68000,6000,5300,4600,3700,4200,4450,5300,4050,74500,5500,5000,4500,4400,4000,4700,5500,4600
i93_sb_300,I-93 southbound between Interchange 37 on-ramp from I-95 southbound and Interchange 37 off-ramp to I-95 northbound,150,150,1650,1750,main,87000,7000,6000,5400,4800,5400,5750,6650,5350,91500,6250,5500,4900,5200,5200,5800,6900,5850
i93_sb_310,I-93 southbound between Interchange 37 off-ramp to I-95 northbound and Interchange 37 on-ramp from I-95 norhbound,150,150,1750,1900,main,73500,6350,5250,4600,4000,440,4750,5650,4450,78500,5650,4700,4100,4400,4200,4900,6000,5100
i93_sb_320,I-93 southbound between Interchange 37 on-ramp from I-95 northbound and Interchange 36 off-ramp to Montvale Avenue,150,150,1900,2000,main,100000,7800,6450,5900,5600,6100,6450,7300,6250,103500,6400,5500,5000,5600,5700,6600,7400,6600
i93_sb_330,I-93 southbound between Interchange 36 off-ramp to Montvale Avenue and Interchange 36 on-ramp from Montvale Avenue westbound,150,150,2000,2150,main,88500,7200,5550,5000,4900,5400,5750,6500,5650,93000,5700,4500,4100,4800,4950,5800,6600,6100
i93_sb_340,I-93 southbound between Interchange 36 on-ramps from Montvalue Avenue westbound and eastbound,150,150,2150,2250,main,92500,7450,5700,5200,5100,5700,6000,6850,5950,97000,5900,4600,4200,4950,5300,6050,7000,6450
i93_sb_350,I-93 southbound between Interchange 36 on-ramp from Montvale Avenue eastbond and Interchange 35 off-ramp,150,150,2250,2350,main,100000,7850,6100,5600,5500,6250,6550,7400,6450,105000,6300,4850,4400,5200,5850,6500,7600,7100
i93_sb_360,I-93 southbound between Interchange 35 off-ramp and Interchange 34 on-ramp,150,150,2350,2500,main,90500,7350,5450,5000,5100,5550,5800,6600,5850,95000,5700,4150,3600,4700,5200,5800,6800,6600
i93_sb_370,I-93 southbound between Interchange 34 on-ramp and Interchange 33 off-ramp,150,150,2500,2600,main,95000,770,5800,5400,5400,5800,6000,6800,6100,99000,6000,4400,3800,4900,5500,6000,7100,6900
R12252,Interchange 37C off-ramp to Commerce Way,150,130,1250,1275,rampleft,8000,850,1200,1200,600,300,350,300,250,8000,900,1300,1300,650,300,300,300,200
R12253,Interchange 37C on-ramp from Commerce Way,130,150,1375,1400,rampleft,6000,150,200,200,200,500,600,800,500,6500,200,200,200,250,500,750,950,650
R12175,Interchange 37 off-ramp to I-95 southbound,150,130,1500,1525,rampleft,20000,1400,1600,1600,1500,1200,1300,1400,1000,22000,1300,2000,2000,2000,1100,1300,1300,900
R12740,Interchange 37 on-ramp from I-95 southbound,130,150,1625,1650,rampleft,19000,1000,700,800,1100,1200,1300,1350,1200,17000,750,500,400,800,1200,1100,1400,1250
R12176,Interchange 37 off-ramp to I-95 northbound,150,130,1750,1775,rampleft,13500,650,750,800,800,1000,1000,1000,800,13000,600,800,800,800,1000,900,900,750
R12697,Interchange 37 on-ramp from I-95 norhbound,130,150,1875,1900,rampleft,26500,1450,1200,1300,1600,1700,1700,1650,1800,25000,750,800,900,1200,1500,1700,1400,1500
R12177,Interchange 36 off-ramp to Montvale Avenue,150,130,2000,2025,rampleft,11500,600,900,900,700,700,700,800,600,10500,700,1000,900,800,750,800,800,500
R12178,Interchange 36 on-ramp from Montvale Avenue westbound,130,150,2125,2150,rampleft,4000,250,150,200,200,300,250,350,300,4000,200,100,100,150,350,250,400,350
R12179,Interchange 36 on-ramp from Montvale Avenue eastbound,130,150,2225,2250,rampleft,7500,400,400,400,400,550,550,550,500,8000,400,250,200,250,550,450,600,650
R12180,Interchange 35 off-ramp to Route 28,150,130,2350,2375,rampleft,9500,500,650,600,400,700,750,800,600,10000,600,700,800,500,650,700,800,500
R12181,Interchange 34 on-ramp from Winchester Highlands,130,150,2475,2500,rampleft,4500,350,350,400,300,250,200,200,250,4000,300,250,200,200,300,200,300,300
i93_sb_380,I-93 southbound between Interchange 33 off- and on-ramps,150,150,2600,2750,main,85000,7100,5100,4750,4950,5100,5200,5900,5400,86000,5600,4100,3500,4600,4600,5000,6100,5900
i93_sb_390,I-93 southbound between Interchange 33 on-ramp and Interchange 32 off-ramp,150,150,2750,2850,main,94500,7600,5800,5400,5500,5550,5600,6300,5850,98000,6600,5300,4700,5400,4900,5300,6400,6200
i93_sb_400,I-93 southbound between Interchange 32 off- and on-ramps,150,150,2850,3000,main,84000,7000,5000,4600,4900,4850,4900,5500,5100,86000,5900,4900,4350,4900,4100,4400,5400,5200
i93_sb_410,I-93 southbound between Interchange 32 on-ramp and Interchange 31 on-ramp,150,150,3000,3100,main,89000,7200,5300,4900,5200,5150,5150,5750,5350,92000,6250,5600,5100,5600,4550,4700,5700,5500
i93_sb_420,I-93 southbound between Interchange 31 on- and off-ramps,150,150,3100,3200,main,99000,7700,6000,5600,5800,5700,5650,6250,5900,102000,7000,6600,6200,6600,5000,5100,6100,5900
i93_sb_430,I-93 southbound between Interchange 31 off-ramp and Interchange 30 off-ramp,150,150,3200,3300,main,83500,6700,5200,4800,4900,4800,4700,5200,4950,88000,6600,6100,5900,5700,3900,4100,4900,4700
i93_sb_440,I-93 southbound between Interchange 30 off-ramp and start of HOV lane,150,150,3300,3400,main,75500,6100,4700,4400,4400,4300,4200,4500,4350,79000,6000,5650,5600,5300,3300,3350,3900,3950
i93_sb_450,I-93 southbound between start of HOV lane and Interchange 28 off-ramp,150,150,3400,3500,main,63500,5400,3950,3600,3700,3450,3300,3450,3350,67000,5300,4900,4700,4500,2450,2450,2850,2950
i93_sb_460,I-93 southbound between Interchange 28 off-ramp and Interchange 29 on-ramp,150,150,3500,3650,main,50000,4100,3100,2800,2900,2650,2400,2450,2550,53000,4100,4050,3950,3800,1550,1500,1750,2000
i93_sb_470,I-93 southbound between Interchange 29 on-ramp and Interchange 28A off-ramp,150,150,3650,3800,main,72000,5400,4800,4300,4200,3750,3400,3350,3450,76000,5600,5750,5600,5400,2350,2400,2550,2800
i93_sb_hov_01a,Beginning of I-93 north southbound HOV lane,150,170,3400,3425,ramphov,12000,700,750,800,700,850,900,1050,1000,12000,700,750,900,800,850,900,1050,1000
i93_sb_hov_01,I-93 north southbound HOV lane,170,170,3425,4025,hovright,12000,700,750,800,700,850,900,1050,1000,12000,700,750,900,800,850,900,1050,1000
i93_sb_hov_01b,Merge from HOV lane,170,150,4025,4050,ramphov,12000,700,750,800,700,850,900,1050,1000,12000,700,750,900,800,850,900,1050,1000
R12182,Interchange 33 off-ramp to Roosevelt Circle,150,130,2600,2625,rampleft,10000,600,700,650,450,700,800,900,700,13000,400,300,300,300,900,1000,1000,1000
R12183,Interchange 33 on-ramp from Roosevelt Circle,130,150,2725,2750,rampleft,9500,500,700,650,550,450,400,400,450,12000,1000,1200,1200,800,300,300,300,300
R12184,Interchange 32 off-ramp to Route 60,150,130,2850,2875,rampleft,10500,600,800,800,600,700,700,800,750,12000,700,400,350,500,800,900,1000,1000
R12185,Interchange 32 on-from from Route 60,130,150,2975,3000,rampleft,5000,200,300,300,300,300,250,250,250,6000,350,700,750,700,450,300,300,300
R12186,Interchange 31 on-ramp from Mystic Valley Parkway / Route 16,130,150,3075,3100,rampleft,10000,500,700,700,600,550,500,500,550,10000,750,1000,1100,1000,450,400,400,400
R12187,Interchange 31 off-ramp to Mystic Valley Parkway / Route 16,150,130,3200,3225,rampleft,15500,1000,800,800,900,900,950,1050,950,14000,400,500,300,900,1100,1000,1200,1200
R12188,Interchange 30 off-ramp to Mystic Avenue,150,130,3300,3325,rampleft,8000,600,500,400,500,500,500,700,600,9000,600,450,300,400,600,750,1000,750
R12189,Interchange 28 off-ramp to Sullivan Square,150,130,3500,3525,rampleft,13500,1300,850,800,800,800,900,1000,800,14000,1200,850,750,700,900,950,1100,950
R12190,Interchange 28 on-ramp from Route 28,130,150,3625,3650,rampleft,22000,1300,1500,1500,1300,1100,1000,900,900,23000,1500,1700,1650,1600,800,900,800,800
i93_sb_480,I-93 southbound between Interhange 28A off-ramp and on-ramp from Route 1,150,150,3800,3950,main,50000,3800,3500,3100,3000,2400,2100,2100,2300,54000,4200,4050,3900,3900,1150,1500,1950,2200
i93_sb_490,I-93 southbound between on-ramp from Route 1 and merge with HOV lane,150,150,3950,4050,main,78000,6000,6000,5300,5000,3800,3400,3350,3500,83000,6300,5950,5500,5400,2550,3100,3550,3900
i93_sb_500,I-93 southbound between merge with HOV lane and on-ramp from Storrow Drive,150,150,4050,4150,main,90000,6700,6750,6100,5700,4650,4300,4400,4500,95000,7000,6700,6400,6200,3400,4000,4600,4900
i93_sb_510,I-93 southbound between on-ramp from Storrow Drive and off-ramp for Interchange 24 A and B,150,150,4150,4250,main,118000,7700,8400,7650,7100,6300,5900,6000,6100,123000,8200,8300,7800,7500,4600,5200,5900,6300
i93_sb_520,I-93 southbound between off-ramp for Interhange 24 A and B and Government Center on-ramp,150,150,4250,4450,main,90000,6200,6800,5800,5500,4600,4100,4300,4600,91000,6700,6700,6050,5850,3000,3500,4100,4400
i93_sb_530,I-93 southbond between Government Center on-ramp and Interchange 23 off-ramp,150,150,4450,4550,main,104000,91500,7700,6700,6200,5500,5000,5200,5400,107000,7600,7800,6950,6750,3850,4400,5000,5300
i93_sb_540,I-93 southbound between Interchange 23 off-ramp and Interchange 22 off-ramp,150,150,4550,4650,main,91500,5750,6300,5250,5050,4900,4300,4400,4800,94000,6600,6300,5450,5550,3250,3700,4200,4700
i93_sb_550,I-93 southbound between Interchange 22 off-ramp and Lincoln Street on-ramp,150,150,4650,4950,main,63500,3750,3600,2950,2950,3100,2500,2600,3100,63000,4400,3800,3250,3550,2400,2900,3450,3500
i93_sb_560,I-93 southbound between Lincoln Street on-ramp and on-ramp from C-D road,150,150,4950,5050,main,66500,3850,3750,3100,3100,3350,2750,2850,3350,67000,4550,4000,3450,3750,2700,3200,3750,3800
i93_sb_570,I-93 southbound between on-ramp from C-D road and on-ramp from I-90,150,150,5050,5150,main,74500,4050,4250,3600,3700,3950,3450,3500,3850,75000,4750,4250,3750,4150,3200,3700,4150,4200
R12191,Interchange 28A off-ramp to Leverett Circle,150,130,3800,3825,rampleft,22000,1600,1300,1200,1200,1350,1300,1250,1150,22000,1400,1700,1700,1500,1200,900,600,600
R_us1_sb_i93_sb,Interchange 28A on-ramp from Route 1,130,150,3925,3950,rampleft,28000,2200,2500,2200,2000,1400,1300,1250,12198,29000,2100,1900,1600,1500,1400,1600,1600,1700
R_sr3_sb_i93_sb,Interchange 24 on-ramp from Storrow Drive / Route 3,130,150,4125,4150,rampleft,28000,1000,1650,1550,1400,1650,1600,1600,1600,28000,1200,1600,1400,1300,1200,1200,1300,1400
R12111,Interchange 24 A and B off-ramp,150,130,4250,4275,rampleft,28000,1500,1600,1850,1600,1700,1800,1700,1500,32000,1500,1600,1750,1650,1600,1700,1800,1900
R_i93_sb_n476_nb,Interchange 24B off-ramp to Logan Airport,130,130,4275,4375,rampleftmain,19000,1000,650,600,600,1300,1400,1250,1100,22000,1000,800,700,750,1200,1300,1300,1400
R12113,Interchange 24A off-ramp to Government Center,130,110,4275,4325,rampleft,9000,500,950,1250,1000,400,400,450,400,10000,500,800,1050,900,400,400,500,500
R12114,Interchange 24 on-ramp from Government Center,130,150,4425,4450,rampleft,14000,500,900,900,700,900,900,900,800,16000,900,1100,900,900,850,900,900,900
R12115,Interchange 23 off-ramp to Purchase Street,150,130,4550,4575,rampleft,12500,950,1400,1450,1150,600,700,600,600,13000,1000,1500,1500,1200,600,700,800,600
R12116,Interchange 22 off-ramp to Summer Street,150,130,4650,4675,rampleft,28000,2000,2700,2300,2100,1800,1800,1800,1700,31000,2200,2500,2200,2000,850,800,750,1200
R12117_01,C-D road between Exit 23 off-ramp and Exit 22 off-ramp,130,130,4675,4725,mainleft,28000,2000,2700,2300,2100,1800,1800,1800,1700,31000,2200,2500,2200,2000,850,800,750,1200
R50132_part_1,C-D road between Interchange 22 off-ramp and Congress Street on-ramp,130,130,4725,4875,mainleft,18000,1300,2000,1800,1600,1350,1350,1350,1250,20000,1500,1700,1400,1200,350,250,200,600
R50132_part_2,C-D road between Congress Street on-ramp and I-90 off-ramp / on-ramp to I-93 southbound,130,130,4875,5025,mainleft,29000,1500,2400,2300,2100,2350,2550,2550,2300,34000,1750,2200,2000,1800,1600,1750,1700,1900
R12117,Interchange 22 off-ramp to Summer Street,130,110,4725,4775,rampleft,10000,700,700,500,500,450,450,450,450,11000,700,800,800,800,500,550,550,600
R12118,Interchange 22 on-ramp from Congress Street,110,130,4825,4875,rampleft,11000,200,400,500,500,1000,1200,1200,1050,14000,250,500,600,600,1250,1500,1500,1300
R12125,On-ramp from C-D road,130,150,5025,5050,rampleft,8000,200,500,500,600,600,700,650,500,8000,200,250,300,400,500,500,400,400
R50132_part_3,Off-ramp from C-D road to I-90 eastbound I-90 westbound and Albany Street,130,110,5025,5075,rampleft,21000,1300,1900,1800,1500,1750,1850,1900,1800,26000,1550,1950,1700,1400,1100,1250,1300,1500
R12121,Off-ramp to Albany Street,110,110,5075,5125,rampleftmain,10000,700,1200,1050,800,950,1050,1100,1050,14000,850,1200,950,750,600,650,700,800
R50132_part_4,Off-ramp to I-90 westbound,110,90,5075,5125,rampleft,11000,600,700,750,700,800,800,800,750,12000,700,750,750,650,500,600,600,700
R12124,Interchange 22 on-ramp from Lincoln Street,170,150,4925,4950,rampright,3000,100,150,150,150,250,250,250,250,4000,150,200,200,200,300,300,300,300
i93_sb_580,I-93 southbound between I-90 on-ramp and Albany Street on-ramp,150,150,5150,5250,main,100500,5350,6000,5350,5300,5500,5050,5050,5300,102000,6150,6150,5600,5750,4950,5250,5600,5500
i93_sb_590,I-93 southbound between Albany Street on-ramp and Interchange 18 off-ramp,150,150,5250,5350,main,115000,5600,6500,5900,5900,6600,6350,6350,6300,117000,6450,6750,6200,6350,6150,6250,6400,6200
i93_sb_600,I-93 southbound between Interchange 18 off-ramp and HOV on-ramp,150,150,5350,5500,main,91000,400,4900,4500,4500,5500,5400,5400,5100,93000,4650,4950,4600,4700,5200,5300,5300,5000
i93_sb_610,I-93 southbound between HOV on-ramp and Frontage Road / Southamption Street on-ramp,150,150,5500,5600,main,95000,4050,5050,4600,4600,6100,6100,6100,5600,97000,4700,5100,4700,4800,5800,6000,6000,5500
i93_sb_620,I-93 southbound between Frontage Road / Southampton Street on-ramp and Interchange 15 off-ramp,150,150,5600,5750,main,114000,4550,5900,5400,5400,7500,7400,7400,6800,116000,5300,6050,5600,5700,7100,7200,7200,6600
i93_sb_630,I-93-soutbound between Interchange 15 off- and on-ramps,150,150,5750,5900,main,97000,3800,4800,4200,4200,6800,6700,6700,6000,97900,4200,4650,4300,4400,6200,6350,6300,5600
i93_sb_640,I-93 southbound between Interchange 15 on-ramp and start of HOV lane,150,150,5900,6000,main,108000,4200,5300,4700,4600,7800,7700,7700,6800,108500,4700,5350,4800,4900,7150,7600,7200,6300
R11732,I-90 eastbound and westbound on-ramp,170,150,5125,5150,rampright,26000,1300,1750,1750,1600,1550,1550,1550,1450,27000,1400,1900,1850,1600,1750,1550,1450,1300
R12126,Albany Street on-ramp,130,150,5225,5250,rampleft,14500,250,500,550,600,1100,1300,1300,1000,15000,300,600,600,600,1200,1000,800,700
R12127,Interchange 18 off-ramp to Massachusetts Avenue,150,130,5350,5375,rampleft,24000,1600,1600,1400,1400,1100,900,950,1200,24000,1800,1800,1600,1650,950,950,1100,1200
R12131,HOV on-ramp,170,150,5475,5500,rampright,4000,50,150,100,100,600,700,700,500,4000,50,150,100,100,600,700,700,500
R12132,Frontage Road / Southamption Street on-ramp,130,150,5575,5600,rampleft,19000,500,850,800,800,1400,1300,1300,1200,19000,600,950,900,900,1300,1200,1200,1100
R12064,Interchange 15 off-ramp to Columbia Road,150,130,5750,5775,rampleft,17000,750,1100,1200,1200,700,700,700,800,18100,1100,1400,1300,1300,900,850,900,1000
R12065,Interchange 15 on-ramp from Coumbia Road,130,150,5875,5900,rampleft,11000,400,500,500,400,1000,1000,1000,800,10600,500,700,500,500,950,950,900,700
i93_sb_650,I-93 southbound between start of HOV lane and Interchange 13 on-ramp,150,150,6000,6100,main,103500,4200,5300,4700,4950,6700,6500,6500,5800,104000,4700,5350,4800,4900,6050,6100,6000,5300
i93_sb_660,I-93 southbound between Interchange 13 on-ramp and Interchange 14 on-ramp,150,150,6100,6200,main,112000,4450,5700,5100,5150,7400,7250,7250,6500,113600,5050,5850,5400,5350,6850,6750,6600,5950
i93_sb_670,I-93 southbound between Interchange 14 on-ramp and Interchange 12 off-ramp,150,150,6200,6300,main,118500,4550,5950,5400,4350,7900,7800,7800,7000,119200,5200,6150,5750,5600,7350,7250,7100,6500
i93_sb_680,I-93 southbound between Interchange 12 off-ramp and Interchange 11 off-ramp to Granite Avenue westbound,150,150,6300,6400,main,101000,3900,5050,4700,4050,6850,6750,6700,6000,101700,4500,5350,5150,4900,6250,6150,6000,5500
i93_sb_690,I-93 southbound between Interchange 12 off-ramp and Interchange 11 off-ramp to Granite Avenue westbound,150,150,6400,6500,main,96000,3650,4750,4400,4000,6600,6540,6400,5750,95700,4250,5050,4850,4600,5900,5750,5600,5150
i93_sb_700,I-93 southbound between Interchange 11 off-ramp to Granite Avenue eastbound and Interchange 11 on-ramp,150,150,6500,6650,main,93500,3625,4700,4350,4450,6250,6050,5900,5550,94200,4225,5025,4825,4575,5700,5450,5150,4950
i93_sb_710,I-93 southbound between Interchange 11 on-ramp and Interchange 10 off-ramp,150,150,6650,6750,main,102500,3925,5150,4850,4250,6800,6650,6450,6100,101400,4575,5475,5325,5025,6100,5850,5450,5400
i93_sb_720,I-93 southbound between Interchange 10 off-ramp and Interchange 9 off-ramp,150,150,6750,6850,main,98000,3775,4900,4650,4100,6400,6250,6050,5750,96300,4425,5225,5125,4825,5600,5350,5050,5000
i93_sb_730,I-93 southbound between Interchange 9 off- and on-ramps,150,150,6850,7000,main,93500,3700,4750,4500,4650,6000,5800,5550,5400,92200,4350,5100,5000,4700,5200,4850,4550,4600
i93_sb_740,I-93 soutbound between Interchange 9 on-ramp and Interchange 8 off-ramp,150,150,7000,7100,main,103500,4100,5450,5200,4300,6700,6500,6200,6100,101700,4800,5850,5750,5300,5800,5350,5050,5200
i93_sb_750,I-93 southbound between Interchange 8 off- and on-ramps,150,150,7100,7250,main,94000,3850,5050,4700,4750,5650,5400,5150,5400,91500,4600,5450,5250,4950,4700,4100,4050,4250
i93_sb_760,I-93 southbound between Interchange 8 on-ramp and on-ramp from HOV lane,150,150,7250,7350,main,102500,4200,5650,5300,4750,6300,6200,5950,6000,99500,5000,6050,5900,5400,5300,4800,4800,5000
i93_sb_770,I-93 southbound between on-ramp from HOV lane and I-93 / SR-3 split,150,150,7350,7450,main,107000,4200,5650,5300,4750,7400,7400,7150,7000,104000,5000,6050,5900,5400,6400,6000,6000,6000
sr3_sb_000,SR 3 southbound between I-93 and off-ramp to Washington Street,150,150,7450,7550,main,51000,1750,2550,2450,2300,3800,3850,4050,3800,51000,2450,2850,2800,2650,2900,2700,2900,2900
sr3_sb_010,SR 3 southbound between off-ramp to Washington Street and on-ramp from Route 128,150,150,7550,7650,main,42000,1500,2100,2000,1900,3200,3100,3100,3100,42000,2150,2400,2300,2150,2250,2000,2100,2200
R12066,Interchange 13 on-ramp from Freeport Street,130,150,6075,6100,rampleft,8500,250,400,400,350,700,750,750,700,9600,350,500,600,450,800,650,600,650
R12067,Interchange 14 on-ramp from Morrissey Boulevard,130,150,6175,6200,rampleft,6500,100,250,300,200,500,550,550,500,5600,150,300,350,250,500,500,500,550
R_i93_sb_sr3a_sb,Interchange 12 off-ramp to Route 3A,150,130,6300,6325,rampleft,17500,650,900,700,800,1050,1100,1100,1000,17500,700,800,600,700,1100,1100,1100,1000
R12069,Interchange 12 off-ramp to Granite Avenue westbound,150,130,6400,6425,rampleft,5000,250,300,300,300,250,300,300,250,6000,250,300,300,300,350,400,400,350
R12070,Interchange 11 off-ramp to Granite Avenue eastbound,150,130,6500,6525,rampleft,2500,25,50,50,50,350,500,500,200,1500,25,25,25,25,200,300,450,200
R12071,Interchange 11 on-ramp from Granite Avenue,130,150,6625,6650,rampleft,9000,300,450,500,450,550,550,550,550,7200,350,450,500,450,400,400,300,450
R12072,Interchange 10 off-ramp to Squantum Street,150,130,6750,6775,rampleft,4500,150,250,200,200,400,400,400,350,5100,150,250,200,200,500,500,400,400
R12073,Interchange 9 off-ramp to East Milton Square,150,130,6850,6875,rampleft,4500,75,150,150,150,400,500,500,350,4100,75,125,125,125,400,500,500,400
R12074,Interchange 9 on-ramp from East Milton Square,130,150,6975,7000,rampleft,10000,400,700,700,550,700,650,650,700,9500,450,750,750,600,600,500,500,600
R12075,Interchange 8 off-ramp to Furnace Brook Parkway,150,130,7100,7125,rampleft,9500,250,400,500,350,1050,1050,1050,700,10200,200,400,500,350,1100,1250,1000,950
R12076,Interchange 8 on-ramp from Furnace Brook Parkway,130,150,7225,7250,rampleft,8500,350,600,600,450,650,800,800,600,8000,400,600,650,450,600,700,750,750
i93_sb_780,I-93 southbound south of the Braintree split,150,130,7450,7475,rampleft,56000,2450,3100,2850,2450,3600,3550,3450,3400,53000,2550,3200,3100,2750,3500,3300,3100,3100
R12078,Off-ramp to Washington Street,150,130,7550,7575,rampleft,9000,250,450,450,400,600,850,850,700,9000,300,450,500,500,650,700,800,700
i93_sb_hov_02a,Start of I-93 south southbound HOV lane,150,170,6000,6025,ramphov,4500,-9999,-9999,-9999,-9999,1100,1200,1200,1000,4500,0,0,0,0,1100,1200,1200,1000
I93_sb_hov_02,I-93 south soutbound HOV lane,170,170,6025,7325,hovright,4500,-9999,-9999,-9999,-9999,1100,1200,1200,1000,4500,0,0,0,0,1100,1200,1200,1000
i93_sb_hov_02b,End of I-93 south southbound HOV lane,170,150,7325,7350,ramphov,4500,-9999,-9999,-9999,-9999,1100,1200,1200,1000,4500,0,0,0,0,1100,1200,1200,1000
sr3_sb_020,SR 3 southbound between on-ramp from Route 128 and Interchange 19 on-ramp,150,150,7650,7750,main,67000,2600,3300,3300,3200,5400,5200,5100,5200,69000,2950,3400,3500,3450,4400,4100,4100,4200
sr3_sb_030,SR 3 southbound between Route 128 and I-93 on-ramps and Interchange 19 on-ramp,150,150,7750,7850,main,79000,2900,3800,3800,3700,6400,6400,6400,6350,81000,3250,3900,3950,3900,5450,5400,5400,5400
sr3_sb_040,SR 3 southbound between Interchange 17 off- and on-ramps,150,150,7850,8000,main,63000,2300,3100,3100,2950,5200,5200,5200,5250,65000,2600,3150,3200,3100,4250,4200,4200,4400
sr3_sb_050,SR 3 southbound between Interchange 17 on-ramp and 16 off-ramp to SR 18 southbound,150,150,8000,8100,main,71000,2500,3500,3500,3300,5900,6000,6000,5900,73000,2800,3500,3600,3400,4900,5000,5000,5000
sr3_sb_060,SR 3 southbound between Interchange 16 of-ramp to SR 18 SB and on-ramp from SR 18 SB,150,150,8100,8250,main,59000,1900,2900,2900,2700,5150,5200,5200,5100,60000,2050,2800,2900,2700,4350,4300,4300,4450
sr3_sb_070,SR 3 southbound between Interchange 16 on-ramp from SR 18 SB and off-ramp to SR 18 NB,150,150,8250,8350,main,63000,2050,3150,3200,2900,5450,5500,5500,5350,64000,2200,3100,3200,2900,4700,4650,4650,4750
sr3_sb_080,SR 3 southbound between Interchange 16 off-ramp to SR 18 NB and on-ramp from SR 18 NB,150,150,8350,8500,main,54500,18850,2850,2800,2500,4700,4900,4900,4750,56000,1950,2800,2850,2500,4250,4300,4300,4350
sr3_sb_090,SR 3 southbound between Interchange 16 on-ramp from SR18 NB and Intechange 15 off-ramp,150,150,8500,8600,main,56500,1900,2950,2950,2600,4850,5050,5050,4850,58000,2000,2900,3000,2600,4450,4450,4450,4500
sr3_sb_100,SR 3 southbound between Interchange 15 off- and on-ramps,150,150,8600,8750,main,47000,1550,2450,2400,2100,4100,4300,4300,4100,48000,1650,2350,2450,2100,3650,3650,3650,3700
sr3_sb_110,SR  3 southbound between Interchange 15 on-ramp and  Interchange 14 off-ramp,150,150,8750,8850,main,53500,1700,2750,2750,2400,4700,4950,5000,4550,55000,1850,2750,2850,2450,4350,4450,4400,4200
sr3_sb_120,SR 3 southbound between Interchange 14 off- and on-ramps,150,150,8850,9000,main,39000,1050,1750,1700,1700,3450,3800,3850,3500,40000,1250,1700,1700,1650,3150,3350,3350,3200
sr3_sb_130,SR 3 southbound between Interchange 14 on-ramp and Interchange 13 off-ramp,150,150,9000,9100,main,45000,1200,2000,2000,2000,4000,4450,4500,3900,46000,1450,2000,2000,1950,3750,4150,4150,3700
sr3_sb_140,SR 3 southbound between Interchange 13 off-ramp and Interchange 13 on-ramp,150,150,9100,9250,main,33500,950,1500,1500,1450,3000,3300,3350,2900,34000,1150,1500,1400,1350,2650,3050,3050,2700
sr3_sb_150,SR 3 southbound between Interchange 13 on-ramp and Interchange 12 off-ramp,150,150,9250,9350,main,38500,1000,1650,1700,1650,3500,3800,3950,3300,40000,1250,1700,1600,1550,3150,3550,3600,3100
sr3_sb_160,SR 3 southbound between Interchange 12 off-ramp and Interchange 12 on-ramp,150,150,9350,9500,main,26000,700,1200,1200,1200,2300,2600,2600,2150,27000,850,1200,1050,1050,2050,2400,2200,1950
sr3_sb_170,SR 3 southbound between Interchange 12 on-ramp and Interchange 11 off-ramp,150,150,9500,9600,main,33500,1000,1650,1700,1600,2900,3250,3300,2600,35000,1150,1700,1550,1450,2750,3100,2900,2450
R12016,On-ramp from Route 128,130,150,7625,7650,rampleft,25000,1100,1200,1300,1300,2200,2100,2250,2300,27000,800,1000,1200,1300,2150,2100,2000,2000
R22034,Interchange 19 on-ramp,130,150,7725,7750,rampleft,12000,300,500,500,500,1000,1200,1300,1150,12000,300,500,450,450,1050,1300,1300,1200
R22035,Interchange 17 off-ramp to Union Street,130,150,7825,7850,rampleft,16000,600,700,700,750,1200,1200,1200,1100,16000,650,750,750,800,1200,1200,1200,1000
R22036,Interchange 17 on-ramp from Union Street,130,150,7975,8000,rampleft,8000,200,400,400,350,700,800,800,650,8000,200,350,400,300,650,800,800,600
R22037,Interchange 16 off-ramp to Route 18 southbound,150,130,8100,8125,rampleft,12000,600,600,600,600,750,800,800,800,13000,750,700,700,700,550,700,700,550
R22038,Interchange 16 on-ramp from Route 18 southbound,130,150,8225,8250,rampleft,4000,150,250,300,200,300,300,300,250,4000,150,300,300,200,350,350,350,300
R22039,Interchange 16 off-ramp to Route 18 northbound,150,130,8350,8375,rampleft,8500,200,300,400,400,750,600,600,600,8000,250,300,350,400,450,350,350,400
R22040,Interchange 16 off-ramp to Route 18 northbound,130,150,8475,8500,rampleft,2000,50,100,150,100,150,150,150,100,2000,50,100,150,100,200,150,150,150
R22041,Interchange 15 off-ramp to Derby Street,150,130,8600,8625,rampleft,9500,350,500,550,500,750,750,750,750,10000,350,550,550,500,800,800,800,800
R22042,Interchange 15 on-ramp from Derby Street,130,150,8725,8750,rampleft,6500,150,300,350,300,600,650,700,450,7000,200,400,400,350,700,800,750,500
R22043,Interchange 14 off-ramp to Route 228,150,130,8850,8875,rampleft,14500,50,1000,1050,700,1250,1150,1150,1050,15000,600,1050,1150,800,1200,1100,1050,1000
R22044,Interchange 14 on-ramp from Route 228,130,150,8975,9000,rampleft,6000,150,250,300,300,550,650,650,400,6000,200,300,300,300,600,800,800,500
R22045,Interchange 13 off-ramp to Route 53,150,130,9100,9125,rampleft,11500,250,500,500,550,1000,1150,1150,1000,12000,300,500,600,600,1100,1100,1100,1000
R22046,Interchange 13 on-ramp from Route 53,130,150,9225,9250,rampleft,5000,50,150,200,200,500,500,600,400,6000,100,200,200,200,500,500,550,400
R22047,Interchange 12 off-ramp to Route 139,150,130,9350,9375,rampleft,12500,300,450,500,450,1200,1200,1350,1150,13000,400,500,550,500,1100,1150,1400,1150
R22048,Interchange 12 on-ramp from Route 139,130,150,9475,9500,rampleft,7500,300,450,500,400,600,650,700,450,8000,300,500,500,400,700,700,700,500
